{"train_loss": [1.0304413366006033, 0.8241347121869691, 0.7938797036023795, 0.7737443429112555, 0.7608161123129733, 0.7538371390317775, 0.7468613862233996, 0.7406744035597983, 0.733169263414164, 0.7283398491683646, 0.7071528394032816, 0.6993611208335129, 0.6982909509209504, 0.6955955545059961, 0.6930955607921157, 0.693704524232081, 0.6912346169738061, 0.690534139610261, 0.6899375078175655, 0.688449110908849, 0.6882459521403399, 0.6873921784025652, 0.6856174050647573, 0.6862446310967769, 0.6850338404914663, 0.6854963099997123, 0.6845830110223372, 0.6848412657045284, 0.6847026941306726, 0.6843921192365614], "train_acc": [0.8963723414050272, 0.960638983519013, 0.9695470030383943, 0.974380812079919, 0.9775573151643495, 0.9794448025043735, 0.9810560721848817, 0.98266734186539, 0.984393702237363, 0.9857747905349415, 0.9918515790442869, 0.9941994291501703, 0.9943605561182212, 0.9947979007457877, 0.9958337169689716, 0.9956495718626277, 0.9962020071816592, 0.9962940797348311, 0.9963170978731241, 0.9970306601602063, 0.9971687689899641, 0.9973298959580149, 0.9978132768621674, 0.9978362950004603, 0.9979974219685112, 0.9978593131387533, 0.998158548936562, 0.9978362950004603, 0.9980664763833901, 0.9980664763833901], "val_loss": [0.7998122928595153, 0.7476945467097086, 0.7415148004755046, 0.7626115992525361, 0.739563976614279, 0.7106409717980197, 0.719184854251863, 0.7092612557945891, 0.704072015486552, 0.7019498036110122, 0.6881847342411428, 0.6856377973474865, 0.6878214325283228, 0.6841342721146085, 0.6851898891955225, 0.6843059858088774, 0.6830275554592011, 0.6818973823402319, 0.6820185046195106, 0.6820971197108278, 0.6796519979985461, 0.6792529510147904, 0.6795770065645292, 0.6793804701751733, 0.6793380811538865, 0.6788621131523475, 0.6789041742548014, 0.6787975491179745, 0.6790818499500328, 0.6788435775894329], "val_acc": [0.9653839071994108, 0.9810348002209538, 0.9808506720677591, 0.9720125207144172, 0.979930031301786, 0.988768182655128, 0.9856380040508194, 0.9882157981955441, 0.9911618486466581, 0.9898729515742957, 0.9944761554041613, 0.996133308782913, 0.9948444117105505, 0.9957650524765237, 0.9953967961701344, 0.9957650524765237, 0.997053949548886, 0.9968698213956914, 0.9968698213956914, 0.9966856932424968, 0.9977904621616646, 0.9976063340084699, 0.9974222058552753, 0.9974222058552753, 0.9976063340084699, 0.9974222058552753, 0.9981587184680538, 0.9976063340084699, 0.9977904621616646, 0.9981587184680538]}